--
-- PostgreSQL database dump
--

SET statement_timeout = 0;
SET lock_timeout = 0;
SET client_encoding = 'UTF8';
SET standard_conforming_strings = on;
SET check_function_bodies = false;
SET client_min_messages = warning;

SET search_path = public, pg_catalog;

SET default_tablespace = '';

SET default_with_oids = false;

--
-- Name: play_evolutions; Type: TABLE; Schema: public; Owner: pathfinderwebserver; Tablespace: 
--

CREATE TABLE play_evolutions (
    id integer NOT NULL,
    hash character varying(255) NOT NULL,
    applied_at timestamp without time zone NOT NULL,
    apply_script text,
    revert_script text,
    state character varying(255),
    last_problem text
);


ALTER TABLE play_evolutions OWNER TO pathfinderwebserver;

--
-- Name: play_evolutions_pkey; Type: CONSTRAINT; Schema: public; Owner: pathfinderwebserver; Tablespace: 
--

ALTER TABLE ONLY play_evolutions
    ADD CONSTRAINT play_evolutions_pkey PRIMARY KEY (id);


--
-- Name: play_evolutions; Type: ACL; Schema: public; Owner: pathfinderwebserver
--

REVOKE ALL ON TABLE play_evolutions FROM PUBLIC;
REVOKE ALL ON TABLE play_evolutions FROM pathfinderwebserver;
GRANT ALL ON TABLE play_evolutions TO pathfinderwebserver;
GRANT ALL ON TABLE play_evolutions TO PUBLIC;


--
-- PostgreSQL database dump complete
--

--
-- PostgreSQL database dump
--

SET statement_timeout = 0;
SET lock_timeout = 0;
SET client_encoding = 'UTF8';
SET standard_conforming_strings = on;
SET check_function_bodies = false;
SET client_min_messages = warning;

SET search_path = public, pg_catalog;

--
-- Data for Name: customer; Type: TABLE DATA; Schema: public; Owner: pathfinderwebserver
--

COPY customer (email) FROM stdin;
adam@ajmichael.net
androidsampleapp@thepathfinder.com
danielghanson93@gmail.com
robinsonmdavid@gmail.com
adammichael1994@gmail.com
aj.michael0@gmail.com
\.


--
-- Data for Name: objective_function; Type: TABLE DATA; Schema: public; Owner: pathfinderwebserver
--

COPY objective_function (id, dsl, function) FROM stdin;
MIN_DIST	sense: min\ncontext:\n    method: sum\n    for:\n        t: transport\nquantity: t.distance\n	@defVar(model, _value, Int)\n@addConstraint(model, _value == sum{distance[t],t=TA})\n@setObjective(model, Min, _value)\n
MIN_TIME	sense: min\ncontext:\n    method: sum\n    for:\n        t: transport\nquantity: t.duration\n	@defVar(model, _value, Int)\n@addConstraint(model, _value == sum{duration[t],t=TA})\n@setObjective(model, Min, _value)\n
\.


--
-- Data for Name: application; Type: TABLE DATA; Schema: public; Owner: pathfinderwebserver
--

COPY application (id, name, customer_email, objective_function_id, auth_url, key) FROM stdin;
9869bd06-12ec-451f-8207-2c5f217eb4d0	Chimney Swap	adam@ajmichael.net	MIN_DIST	https://auth.thepathfinder.xyz/connection	\N
2e465a65-6c2b-4eaf-ae48-bd5f4ac209b8	MyTestCluster	androidsampleapp@thepathfinder.com	MIN_DIST	https://auth.thepathfinder.xyz/connection	\N
64bf2f19-7e6e-48e8-8c50-42dbda195785	my-test-app	danielghanson93@gmail.com	MIN_DIST	https://auth.thepathfinder.xyz/connection	\N
efdb39da-8144-4fb2-9653-fe53c3fdfca6	Things	adam@ajmichael.net	MIN_DIST	thingsandstuff.com	\N
7d8f2ead-ee48-45ef-8314-3c5bebd4db82	This is a thing	adam@ajmichael.net	MIN_DIST	https://thepathfinder.xyz/connection	\\x30820122300d06092a864886f70d01010105000382010f003082010a0282010100b2497eb8e3bba94f30bbcf83c6cd97c9e81620057ba53e3b43c3b8921810c6508f027e83efd029096088199492492dd39a588e899880ceeed1dfd4fb1ff09021641bbbc0b9eeaebf9b2a0a62ea5d0e48769b65066860a9e527dd690620bda5915046cecd4fe188988cb3d73c4f213890d33523999d3037dc1156ab2b2cf7f01a92f2e21c1cbcbf48a00041577026ea14a210bfd54edaf229c7c3c0b4287db1fbd38b08fba843838c57ac31264bbe47011bc6a2b6931f53e498f56f22966d220ee84932b9d8a0b13c80c3b41c46fb6a1a49f106d65b17e5c978a4301b6e5d85a14185150171e83d19a706a93ffbb290a5bb7adac613d401250cd4810f337420050203010001
dcb1a33b-375d-4525-a039-b78acb7e9f79	ducks	adam@ajmichael.net	MIN_DIST	https://auth.thepathfinder.xyz/connection	\N
6ab82734-2413-4c87-912d-ef7a731ab951	another app	adam@ajmichael.net	MIN_DIST	https://auth.thepathfinder.xyz/connection	\N
b14d0ce3-981c-48bc-ae9f-c600647b48fa	lulz	adam@ajmichael.net	MIN_DIST	https://auth.thepathfinder.xyz/connection	\N
8ddb3fe4-3a7e-47ce-8a4a-a629e145214a	VGA	robinsonmdavid@gmail.com	MIN_DIST	https://auth.thepathfinder.xyz/connection	\N
\.


--
-- Data for Name: capacity_parameter; Type: TABLE DATA; Schema: public; Owner: pathfinderwebserver
--

COPY capacity_parameter (id, application_id, parameter) FROM stdin;
\.


--
-- Name: capacity_parameter_id_seq; Type: SEQUENCE SET; Schema: public; Owner: pathfinderwebserver
--

SELECT pg_catalog.setval('capacity_parameter_id_seq', 1, true);


--
-- Data for Name: cluster; Type: TABLE DATA; Schema: public; Owner: pathfinderwebserver
--

COPY cluster (id) FROM stdin;
9869bd06-12ec-451f-8207-2c5f217eb4d0
7d8f2ead-ee48-45ef-8314-3c5bebd4db82
2e465a65-6c2b-4eaf-ae48-bd5f4ac209b8
64bf2f19-7e6e-48e8-8c50-42dbda195785
e00b3746-f093-4f54-96b9-4a7881c79fbb
dcb1a33b-375d-4525-a039-b78acb7e9f79
6ab82734-2413-4c87-912d-ef7a731ab951
b14d0ce3-981c-48bc-ae9f-c600647b48fa
8ddb3fe4-3a7e-47ce-8a4a-a629e145214a
9869bd06-12ec-451f-8207-2c5f217eb4d0/midwest
9869bd06-12ec-451f-8207-2c5f217eb4d0/midwest/th
8ddb3fe4-3a7e-47ce-8a4a-a629e145214a/midwest
8ddb3fe4-3a7e-47ce-8a4a-a629e145214a/midwest/th
9869bd06-12ec-451f-8207-2c5f217eb4d0/midwest/chicago
64bf2f19-7e6e-48e8-8c50-42dbda195785/sub
\.


--
-- Data for Name: transport; Type: TABLE DATA; Schema: public; Owner: pathfinderwebserver
--

COPY transport (id, latitude, longitude, cluster_id, status, metadata) FROM stdin;
6	39.4814530000000019	-87.3209329999999966	2e465a65-6c2b-4eaf-ae48-bd5f4ac209b8	0	{"capacity":2}
2	42.1863000000000028	-88.1088000000000022	9869bd06-12ec-451f-8207-2c5f217eb4d0	0	{"capacity":1}
1	39.4437130820373483	-87.3394701071896975	9869bd06-12ec-451f-8207-2c5f217eb4d0	0	{"capacity":1}
15	39.4436714986432904	-87.3393304059859332	9869bd06-12ec-451f-8207-2c5f217eb4d0/midwest/th	0	{"chimney":1}
17	39.4437313545862622	-87.3392825201967185	9869bd06-12ec-451f-8207-2c5f217eb4d0/midwest/th	0	{"chimney":1}
23	39.443520256354887	-87.3394845240631525	9869bd06-12ec-451f-8207-2c5f217eb4d0/midwest/th	0	{}
24	39.4438974000880904	-87.3393292912164156	9869bd06-12ec-451f-8207-2c5f217eb4d0/midwest/th	0	{}
25	39.4195100000000025	-87.4068299999999994	8ddb3fe4-3a7e-47ce-8a4a-a629e145214a/midwest/th	0	{"mpg":15,"chimney":1}
21	39.4799316211035887	-87.3278648671442141	8ddb3fe4-3a7e-47ce-8a4a-a629e145214a/midwest/th	0	{"mpg":15,"chimney":1}
29	39.42450995260441	-87.4068082295242306	9869bd06-12ec-451f-8207-2c5f217eb4d0/midwest/th	0	{"mpg":15,"chimney":1}
16	39.4436780902298665	-87.3393123481492779	9869bd06-12ec-451f-8207-2c5f217eb4d0/midwest/th	0	{"chimney":1}
18	39.4436964439595528	-87.3392459750988905	9869bd06-12ec-451f-8207-2c5f217eb4d0/midwest/th	0	{"chimney":1}
19	39.483831469006347	-87.32380206704822	9869bd06-12ec-451f-8207-2c5f217eb4d0/midwest/th	0	{"chimney":1}
20	39.483831469006347	-87.32380206704822	9869bd06-12ec-451f-8207-2c5f217eb4d0/midwest/th	0	{"chimney":1}
13	39.4435234325773791	-87.3393687807704993	9869bd06-12ec-451f-8207-2c5f217eb4d0/midwest/th	0	{"chimney":1}
7	39.4839890000000011	-87.3230044999999961	9869bd06-12ec-451f-8207-2c5f217eb4d0	0	{"chimney":5}
30	39.4269499999999979	-87.4009700000000009	9869bd06-12ec-451f-8207-2c5f217eb4d0/midwest/th	0	{"mpg":15,"chimney":1}
31	39.4337653757349074	-87.3443599946540274	9869bd06-12ec-451f-8207-2c5f217eb4d0/midwest/th	0	{"mpg":15,"chimney":1}
26	39.4484100000000026	-87.3686100000000039	8ddb3fe4-3a7e-47ce-8a4a-a629e145214a/midwest/th	0	{"mpg":15,"chimney":1}
32	39.4319221335245302	-87.3677539339063856	9869bd06-12ec-451f-8207-2c5f217eb4d0/midwest/th	0	{"mpg":15,"chimney":1}
27	39.4306194240425398	-87.3535100423371631	9869bd06-12ec-451f-8207-2c5f217eb4d0/midwest/th	0	{"mpg":15,"chimney":1}
28	39.4269499999999979	-87.4019700000000057	9869bd06-12ec-451f-8207-2c5f217eb4d0/midwest/th	0	{"mpg":15,"chimney":1}
\.


--
-- Data for Name: commodity; Type: TABLE DATA; Schema: public; Owner: pathfinderwebserver
--

COPY commodity (id, startlatitude, startlongitude, endlatitude, endlongitude, status, metadata, transport_id, cluster_id, request_time) FROM stdin;
52	39.4399999999999977	-87.3400000000000034	39.4838585111154288	-87.3234886621855111	4	{}	\N	9869bd06-12ec-451f-8207-2c5f217eb4d0/midwest/th	2016-04-13 19:49:42.38
51	39.4838585111154288	-87.3234886621855111	39.4399999999999977	-87.3400000000000034	4	{}	\N	9869bd06-12ec-451f-8207-2c5f217eb4d0/midwest/th	2016-04-13 19:49:42.312
17	39.4711360000000013	-87.3776210000000049	39.4656670000000034	-87.381857999999994	4	{"capacity":1}	\N	2e465a65-6c2b-4eaf-ae48-bd5f4ac209b8	2016-01-24 19:53:22.484
18	39.4700160000000011	-87.383964000000006	39.4695150000000012	-87.3870139999999935	4	{"capacity":1}	\N	2e465a65-6c2b-4eaf-ae48-bd5f4ac209b8	2016-01-24 19:53:35.994
23	39.4699999999999989	-87.3700000000000045	39.7000000000000028	-87.3799999999999955	4	{}	\N	64bf2f19-7e6e-48e8-8c50-42dbda195785	2016-01-24 20:00:40.339
36	43.1035260000000022	-86.2484919999999988	39.4399999999999977	-87.3400000000000034	4	{"capacity":1}	\N	9869bd06-12ec-451f-8207-2c5f217eb4d0	2016-03-30 19:41:43.583
37	39.4399999999999977	-87.3400000000000034	43.1035260000000022	-86.2484919999999988	4	{"capacity":1}	\N	9869bd06-12ec-451f-8207-2c5f217eb4d0	2016-03-30 19:41:43.603
28	39.4676710000000028	-87.397664000000006	39.4399999999999977	-87.3400000000000034	4	{"capacity":1}	\N	9869bd06-12ec-451f-8207-2c5f217eb4d0/midwest/th	2016-03-28 22:12:04.602
39	39.4399999999999977	-87.3400000000000034	39.443716979622323	-87.3392963503369515	4	{"chimney":1}	\N	9869bd06-12ec-451f-8207-2c5f217eb4d0/midwest/th	2016-04-12 15:50:02.82
38	39.443716979622323	-87.3392963503369515	39.4399999999999977	-87.3400000000000034	4	{"chimney":1}	\N	9869bd06-12ec-451f-8207-2c5f217eb4d0/midwest/th	2016-04-12 15:50:02.735
42	39.4832921354467814	-87.3248327896812242	39.4399999999999977	-87.3400000000000034	4	{}	\N	9869bd06-12ec-451f-8207-2c5f217eb4d0/midwest/th	2016-04-12 17:53:29.619
43	39.4399999999999977	-87.3400000000000034	39.4832921354467814	-87.3248327896812242	4	{}	\N	9869bd06-12ec-451f-8207-2c5f217eb4d0/midwest/th	2016-04-12 17:53:29.712
44	39.4482959999999991	-87.3553270000000026	39.4502549999999985	-87.3713829999999945	4	{}	\N	8ddb3fe4-3a7e-47ce-8a4a-a629e145214a/midwest/th	2016-04-12 20:41:11.165
45	39.4482959999999991	-87.3553270000000026	39.4502549999999985	-87.3713829999999945	4	{}	\N	9869bd06-12ec-451f-8207-2c5f217eb4d0/midwest/th	2016-04-12 21:22:46.055
47	39.4399999999999977	-87.3400000000000034	39.4786529541015483	-87.3316802978515341	4	{}	\N	9869bd06-12ec-451f-8207-2c5f217eb4d0/midwest/th	2016-04-12 21:27:10.906
46	39.4786529541015483	-87.3316802978515341	39.4399999999999977	-87.3400000000000034	4	{}	\N	9869bd06-12ec-451f-8207-2c5f217eb4d0/midwest/th	2016-04-12 21:27:10.804
48	39.4482959999999991	-87.3553270000000026	39.4502549999999985	-87.3713829999999945	4	{}	\N	9869bd06-12ec-451f-8207-2c5f217eb4d0/midwest/th	2016-04-13 05:14:55.411
49	39.4482959999999991	-87.3553270000000026	39.4502549999999985	-87.3713829999999945	4	{}	\N	9869bd06-12ec-451f-8207-2c5f217eb4d0/midwest/th	2016-04-13 05:16:24.501
50	39.4482959999999991	-87.3553270000000026	39.4502549999999985	-87.3713829999999945	4	{}	\N	9869bd06-12ec-451f-8207-2c5f217eb4d0/midwest/th	2016-04-13 05:34:28.532
\.


--
-- Name: commodity_id_seq; Type: SEQUENCE SET; Schema: public; Owner: pathfinderwebserver
--

SELECT pg_catalog.setval('commodity_id_seq', 52, true);


--
-- Data for Name: connection; Type: TABLE DATA; Schema: public; Owner: pathfinderwebserver
--

COPY connection (id, token) FROM stdin;
ecbff765-6744-4bae-8b8f-dfda9c976705	\\x65794a30655841694f694a4b563151694c434a68624763694f694a53557a49314e694a392e65794a7a645749694f694a6c59324a6d5a6a63324e5330324e7a51304c545269595755744f4749345a69316b5a6d52684f574d354e7a59334d4455694c434a6c6257467062434936496e4a76596d6c756332397562575268646d6c6b5147647459576c734c6d4e7662534973496d46315a434936496d68306448427a4f693876595842704c6e526f5a5842686447686d6157356b5a58497565486c364969776959584277535751694f6949354f445935596d51774e6930784d6d566a4c5451314d5759744f4449774e793079597a566d4d6a45335a5749305a4441694c434a7063334d694f694a6f64485277637a6f764c324631644767756447686c6347463061475a70626d526c6369353465586f694c434a775a584a7461584e7a615739756379493657313073496d6c68644349364d5451314f54417a4e7a45784e4377695a586877496a6f784e4455354d444d334e44453066512e5047484746356c784f6c54556c5f692d503948326363366e62457175695349584c61714e7363697a7668664b6e36456e68534b47546d5a7571743269666f75466e567a713739636356434551306b7369794a697445356149784f6459706e72364835373243434967664c702d33734e76325252754b56492d744c39475a45355144774c70657a6263734153417558776669526d425a30465647587076654c4668597742487841544c526a73692d463064527a524a5a626b367571557a74493144307776706e664e4f44334e4c3148534a7a744c68696e6156704c573863367652446971785046306d47726a71726f313643766930454e6d475542714f674562566c536672365943506b4e5f5761446f586970346c556b324a5a4651666774786f41457245583239715133695045553869394942722d4b45773355627a75523667316f6a5351646e4a5636557142554c45794356687177
200ca6a6-5f30-4d85-bc65-6087769a8c85	\\x65794a30655841694f694a4b563151694c434a68624763694f694a53557a49314e694a392e65794a7a645749694f6949794d44426a59545a684e6930315a6a4d774c54526b4f445574596d4d324e5330324d4467334e7a59355954686a4f4455694c434a6c6257467062434936496e4a76596d6c756332397562575268646d6c6b5147647459576c734c6d4e7662534973496d46315a434936496d68306448427a4f693876595842704c6e526f5a5842686447686d6157356b5a58497565486c364969776959584277535751694f6949354f445935596d51774e6930784d6d566a4c5451314d5759744f4449774e793079597a566d4d6a45335a5749305a4441694c434a7063334d694f694a6f64485277637a6f764c324631644767756447686c6347463061475a70626d526c6369353465586f694c434a775a584a7461584e7a615739756379493657313073496d6c68644349364d5451314f54417a4e7a55314f5377695a586877496a6f784e4455354d444d334f44553566512e485a4f6e4e2d51556d78413079614745474268574245383031456f6f79796c7a63756c3448754d4541346748786b70395032417557545044706d2d2d4c766950705965752d466a3735594d4c503548686d656f4864776c4d33554c774b74345070393472594671497a6f6f4b36687537735a72536a6b47535562725a314671795745444242704431484e47594b5377535031795a5558717a36724965776e476c3039424c645a7a7a6d584b7274514f2d586346377465474256657668596e764c576d567349666a5f3130544853316576777379575f48774b745039475472733364543669715a4a6e72557576786c684b52494e4779664f495246336563686c3961576d394c506d47455a515657356c64784a504e644435444348785f5031577a765437355245474d6e544839304b2d5653457476726333383238304d3564495530726874666749393855434a787539686c4e4c564a51
42a72083-58ea-454e-869a-5e40d0c24daf	\\x65794a30655841694f694a4b563151694c434a68624763694f694a53557a49314e694a392e65794a7a645749694f6949304d6d45334d6a41344d7930314f4756684c5451314e4755744f445935595330315a5451775a44426a4d6a526b595759694c434a6c6257467062434936496e4a76596d6c756332397562575268646d6c6b5147647459576c734c6d4e7662534973496d46315a434936496d68306448427a4f693876595842704c6e526f5a5842686447686d6157356b5a58497565486c364969776959584277535751694f6949354f445935596d51774e6930784d6d566a4c5451314d5759744f4449774e793079597a566d4d6a45335a5749305a4441694c434a7063334d694f694a6f64485277637a6f764c324631644767756447686c6347463061475a70626d526c6369353465586f694c434a775a584a7461584e7a615739756379493657313073496d6c68644349364d5451314f54417a4f4451354e5377695a586877496a6f784e4455354d444d344e7a6b3166512e7530377075315f6a6a3363567372677a33696e49484c566e634b5f3335417173397364767355716d73573174657a5754733765656732762d636663345a5f683766337a305a4a31434368756a6a316b51695f4b757a4e4468494d35324e5534364a635157594133626f6a4e32794956734c3861795f576973464378575165364c505a5a676f4a48514653484a666e55566f7958457a575f6d577458646b71646e394f5359334d78306c69477441717975444b6366595032522d337953455244783230564f424c6e3445767673686e665a77756767303252636f306957633151713435745033553447563156614b477037463470754553674e43663252353738366334444c396b6c7846764a546d44794558416643376532537845424e30457664434e67414e725a566b45313554515057654269646a5a4e4b3765446b652d596f7379696b716d5a574144465854646e4578536a7a6e77
e6b0039a-bf91-4688-af06-3729a83f335e	\\x65794a30655841694f694a4b563151694c434a68624763694f694a53557a49314e694a392e65794a7a645749694f694a6c4e6d49774d444d35595331695a6a6b784c5451324f446774595759774e69307a4e7a49355954677a5a6a4d7a4e5755694c434a6c6257467062434936496e4a76596d6c756332397562575268646d6c6b5147647459576c734c6d4e7662534973496d46315a434936496d68306448427a4f693876595842704c6e526f5a5842686447686d6157356b5a58497565486c364969776959584277535751694f6949354f445935596d51774e6930784d6d566a4c5451314d5759744f4449774e793079597a566d4d6a45335a5749305a4441694c434a7063334d694f694a6f64485277637a6f764c324631644767756447686c6347463061475a70626d526c6369353465586f694c434a775a584a7461584e7a615739756379493657313073496d6c68644349364d5451314f54417a4f4455794f4377695a586877496a6f784e4455354d444d344f44493466512e485a62484f36584667676d4f32385f6f4e6e77766466735a793674466c4e424830687a496d595f69616f6a4536772d67356c496b5451342d4962414d664855634e546d37497248425770314667564462682d444443624f4e34744c4b4d573256347769504576774d36344233334e5945634d514a58754b56657650313253695732356d704d7946664855634c6139684243536d3133746b56424a3357676f6473646b4a4f6d54676a675032365f48756b446551482d69665571345044396c6f5267367174305150335a3366322d366b54655455494564306d51464e4645315f6c387571794a67356b46352d6359666631315678516b466d474753364469596c3158634133545168735f72487537744e3951432d394f645f446b752d7a5f6c6b4551416b776f77415746715a345847715870314d784d557a416c73624b46796c514b7246484d735066634d554834355267416943556c41
b02b91e4-8067-4b8d-80a6-a2a34301e6d4	\\x65794a30655841694f694a4b563151694c434a68624763694f694a53557a49314e694a392e65794a7a645749694f694a694d444a694f54466c4e4330344d4459334c5452694f4751744f4442684e6931684d6d457a4e444d774d5755325a4451694c434a6c6257467062434936496e4a76596d6c756332397562575268646d6c6b5147647459576c734c6d4e7662534973496d46315a434936496d68306448427a4f693876595842704c6e526f5a5842686447686d6157356b5a58497565486c364969776959584277535751694f6949354f445935596d51774e6930784d6d566a4c5451314d5759744f4449774e793079597a566d4d6a45335a5749305a4441694c434a7063334d694f694a6f64485277637a6f764c324631644767756447686c6347463061475a70626d526c6369353465586f694c434a775a584a7461584e7a615739756379493657313073496d6c68644349364d5451314f54417a4f4463774d5377695a586877496a6f784e4455354d444d354d44417866512e693379596a7a323468654b2d356d74623735724a6751735237327239624570495975593761567165554a545856326a3744684a634f477a7143546b335f56487033525479553757795a376b6a4e50654868446b6431386e475461554b456c5141506f62776768766f613365534931316f6171457732396d5852584c2d6271337a37434e72645a6838536e646d482d63724b4a46715748595a65736362644746464977536677717959743434797166484d766972593834516345772d5174776f714759647364494234354b7a5463626334435168694b573758695a4e4542345f5a4d514b5a325372584f5553535f4a5265644b7142424e7a424f41692d675a4d777975433339746e31707563715248557449485646724d6e513433314f494b645836493839306351436974706372734f504250437439617848477635462d6b556b3945426a7a6a456b5555426e327146653354694a7341
2ece0d53-4aa0-48b2-95d2-72d2bc196388	\\x65794a30655841694f694a4b563151694c434a68624763694f694a53557a49314e694a392e65794a7a645749694f6949795a574e6c4d4751314d793030595745774c545134596a49744f54566b4d6930334d6d5179596d4d784f54597a4f4467694c434a6c6257467062434936496e4a76596d6c756332397562575268646d6c6b5147647459576c734c6d4e7662534973496d46315a434936496d68306448427a4f693876595842704c6e526f5a5842686447686d6157356b5a58497565486c364969776959584277535751694f6949354f445935596d51774e6930784d6d566a4c5451314d5759744f4449774e793079597a566d4d6a45335a5749305a4441694c434a7063334d694f694a6f64485277637a6f764c324631644767756447686c6347463061475a70626d526c6369353465586f694c434a775a584a7461584e7a615739756379493657313073496d6c68644349364d5451314f54417a4f544d334f4377695a586877496a6f784e4455354d444d354e6a633466512e6e5673564b384e4a4e6b786e3672747736597a646b45667778783742634e5872444272444269766e72617037514a48747a6c315f6f356e7169744a54764a7967307375696b4d75465a6442544b634e556f2d2d3455666a2d3473784850435a396d5357732d78774b4c624432413854415844353142723148533066343778432d617565497952476b5644376d347463334b43486d7872485863326b6f47464e474e634f2d5151736b364a583138634b66784f4637756d304d617a7a55564d737a795076482d505a4b545641736933394447505a6c4f53766e4c6271547a624273344b69343077616e5465696b6c4f6b5f383167537272594672713748526366394b3332716b697a67714a317a56576758344f6e5f36356d372d6b62435a473746535a465f583462735a7649556547674d7a3364696d72306c6a6f766450524a4b54305353523743775746397667434b5f42546e364377
554e3fb1-53eb-410a-b76a-e64972a85781	\\x65794a30655841694f694a4b563151694c434a68624763694f694a53557a49314e694a392e65794a7a645749694f6949314e54526c4d325a694d5330314d3256694c5451784d474574596a63325953316c4e6a51354e7a4a684f4455334f4445694c434a6c6257467062434936496e4a76596d6c756332397562575268646d6c6b5147647459576c734c6d4e7662534973496d46315a434936496d68306448427a4f693876595842704c6e526f5a5842686447686d6157356b5a58497565486c364969776959584277535751694f6949354f445935596d51774e6930784d6d566a4c5451314d5759744f4449774e793079597a566d4d6a45335a5749305a4441694c434a7063334d694f694a6f64485277637a6f764c324631644767756447686c6347463061475a70626d526c6369353465586f694c434a775a584a7461584e7a615739756379493657313073496d6c68644349364d5451314f54417a4f5455774d6977695a586877496a6f784e4455354d444d354f44417966512e62706b6a7a6d2d67504b316175795a62576c4c34696b45576e562d397a4f484b43323747515673556230764d37514c366f577037577342745578626e7856747a5a56675148456639534f4a4b70707951597862455934304b6d364733636470434c7272686652367259755469374f6f356f35746236662d7a5543496c55353844314c6a43574d45687244695231316c63396a4c4d6458423843524867627751426376626b6f5a5f4d6f367663682d5f614d49424a304e647576427a512d6a31654f7672787257536d6f6e4b306270726a796a4b656d67424562535a565a7836675679326268654349586438614b6b624736396b554636483653537577456954555444417a314168335466396130383667674846724f464c6f564c537647487945397361763453712d6245687942636337535573636b78504b695348336a67766171303730564131664d4543727555796f386a74666151
3e9faa4d-24d2-40ff-865d-4fcf55839a5c	\\x65794a30655841694f694a4b563151694c434a68624763694f694a53557a49314e694a392e65794a7a645749694f69497a5a546c6d595745305a4330794e4751794c5451775a6d59744f4459315a4330305a6d4e6d4e5455344d7a6c684e574d694c434a6c6257467062434936496e4a76596d6c756332397562575268646d6c6b5147647459576c734c6d4e7662534973496d46315a434936496d68306448427a4f693876595842704c6e526f5a5842686447686d6157356b5a58497565486c364969776959584277535751694f6949354f445935596d51774e6930784d6d566a4c5451314d5759744f4449774e793079597a566d4d6a45335a5749305a4441694c434a7063334d694f694a6f64485277637a6f764c324631644767756447686c6347463061475a70626d526c6369353465586f694c434a775a584a7461584e7a615739756379493657313073496d6c68644349364d5451314f54417a4f5459314d4377695a586877496a6f784e4455354d444d354f54557766512e6c54747771553646787a58506b374e6f5a4568715456525a6e50334d2d61784459556d41544f2d337466486a4930756d50495476316e7647516539597a7342414e336469555642616a3932346844717a4e594d49316d50764f53666e32646250693473636146445275736a6d4c5a51386a73586d4d6f5a514d62537951735a526f426f705949706f78305a6543442d5f4d5666393032357855665437483330564b6a332d787a4f5154324133544a53433839496c4c443066366c4d4d677947717a5339716f353367647551577732353063574f726d715a7761704435367a344477596352362d6c7766445076534572635044574944443935616e335f414b5235677a3672734143755977415f5837662d36774972793445466c71696e343944584a2d574c736e7733636f2d71346e6d36364247794a79344f4b79674353517a41597471586d637430666133464a5f4132797a64423851
5e68aaa3-1a51-488e-bf82-85aa84671644	\\x65794a30655841694f694a4b563151694c434a68624763694f694a53557a49314e694a392e65794a7a645749694f6949315a545934595746684d793078595455784c5451344f475574596d59344d6930344e5746684f4451324e7a45324e4451694c434a6c6257467062434936496e4a76596d6c756332397562575268646d6c6b5147647459576c734c6d4e7662534973496d46315a434936496d68306448427a4f693876595842704c6e526f5a5842686447686d6157356b5a58497565486c364969776959584277535751694f6949354f445935596d51774e6930784d6d566a4c5451314d5759744f4449774e793079597a566d4d6a45335a5749305a4441694c434a7063334d694f694a6f64485277637a6f764c324631644767756447686c6347463061475a70626d526c6369353465586f694c434a775a584a7461584e7a615739756379493657313073496d6c68644349364d5451314f54417a4f54637a4f5377695a586877496a6f784e4455354d4451774d444d3566512e71494e576745524b4f53544774454d35746c395f584c6c522d6c6d564d324f6d4b4f70326e434d7338454d4d4a50485a5a694c736542497876784c464279776932495054654d31445375694a3777562d32537975353233384776747a7869737168526653566a574274646842726e45544a4a486b4d4471514457356553415f526a326836373857762d376c43547a5948724d64446b57474d33344751623662657631693277656165775f3339656672686658434755704848344e346f3769775877524946596478634b6d5767774e4e6c7357634d4f774c565948786d7562364746717832427948566c65614145533452516279435348754b68323142375752495f4971417a3752513148564a7745326d72503434694b4b6159594953764a6f70676e4b4f79616e6c39616d7a5f50767339496a516b4e7052654a6f64384e4371734e4d316e4544583576475078535a304a324b6e6867
083b7537-2f00-46bb-a659-4ce7327bb067	\\x65794a30655841694f694a4b563151694c434a68624763694f694a53557a49314e694a392e65794a7a645749694f6949774f444e694e7a557a4e7930795a6a41774c545132596d4974595459314f533030593255334d7a4933596d49774e6a63694c434a6c6257467062434936496e4a76596d6c756332397562575268646d6c6b5147647459576c734c6d4e7662534973496d46315a434936496d68306448427a4f693876595842704c6e526f5a5842686447686d6157356b5a58497565486c364969776959584277535751694f6949354f445935596d51774e6930784d6d566a4c5451314d5759744f4449774e793079597a566d4d6a45335a5749305a4441694c434a7063334d694f694a6f64485277637a6f764c324631644767756447686c6347463061475a70626d526c6369353465586f694c434a775a584a7461584e7a615739756379493657313073496d6c68644349364d5451314f54417a4f5463344e5377695a586877496a6f784e4455354d4451774d44673166512e536a4f4249496c74696a714432744e5277536936616b78516f795255634c64494d755f384673326e5f57385638584f394d49414641657358594e544d63572d67316c34557a316443452d7452526c486c38594f414e4e456f615f594643493848556839504e72456c797451364f4f586f746e35395068614a416b3479463749754e476334324b4232524239364949587a3655466f6167344b2d4d546b6f6f31765f4e5245736758654b52395043534f3461337a6f6f72645031303365686d38734c7249486462435f4e385358326c72356848495867445f436c597376735868535f6c595972534b3273716f6e465059334d723447672d6c4b70494f2d576b6f4c48375f31306f63334c7a2d6d334c4a345762526e6f53685772496f65426b316a5f38444b5a504b77717563376848424a706f6e424d67564970515945514139765a7a644578675f62693055317179545652527a373267
af5696b6-a715-4c91-82a0-2bc3f21da7f5	\\x65794a30655841694f694a4b563151694c434a68624763694f694a53557a49314e694a392e65794a7a645749694f694a685a6a55324f545a694e6931684e7a45314c54526a4f5445744f444a684d433079596d4d7a5a6a49785a4745335a6a55694c434a6c6257467062434936496e4a76596d6c756332397562575268646d6c6b5147647459576c734c6d4e7662534973496d46315a434936496d68306448427a4f693876595842704c6e526f5a5842686447686d6157356b5a58497565486c364969776959584277535751694f6949354f445935596d51774e6930784d6d566a4c5451314d5759744f4449774e793079597a566d4d6a45335a5749305a4441694c434a7063334d694f694a6f64485277637a6f764c324631644767756447686c6347463061475a70626d526c6369353465586f694c434a775a584a7461584e7a615739756379493657313073496d6c68644349364d5451314f54417a4f5467334e5377695a586877496a6f784e4455354d4451774d54633166512e4931585061544f392d4d7552416e42734a525a346d764d7a5266634f4d6b68696468712d73486978443576596168624f5a75417a54345f59745f6e47524261337870647334386e4f69466b484b765554585a4c6b72514656384b4d37643361705474773578514234702d3845765335694c5448486350396268752d5a6a6a7a4f574c57513167524f3266623131507537506e5770773845316b616e3153784858343346507972774e64497947393565706b4c73372d783248595032746e4f764239776d5f4371333462436f4f5f69375f46653330387a5762336c4b58327178324d63744a654c4f77696e3765783647536768514d2d3966726e4a6a494d645f5f5a3865724c39774b70435f73465966527a6e735f6163754e6f376d344c756b31754b735245325073784e4f523037436678302d77565f7650512d43756f4455494142465872544e4451316d557449424a3347444b4e41
5843fd0b-7a64-439c-884d-ccb9f8c17681	\\x65794a30655841694f694a4b563151694c434a68624763694f694a53557a49314e694a392e65794a7a645749694f6949314f44517a5a6d517759693033595459304c54517a4f574d744f4467305a43316a593249355a6a686a4d5463324f4445694c434a6c6257467062434936496e4a76596d6c756332397562575268646d6c6b5147647459576c734c6d4e7662534973496d46315a434936496d68306448427a4f693876595842704c6e526f5a5842686447686d6157356b5a58497565486c364969776959584277535751694f6949354f445935596d51774e6930784d6d566a4c5451314d5759744f4449774e793079597a566d4d6a45335a5749305a4441694c434a7063334d694f694a6f64485277637a6f764c324631644767756447686c6347463061475a70626d526c6369353465586f694c434a775a584a7461584e7a615739756379493657313073496d6c68644349364d5451314f54417a4f546b784e7977695a586877496a6f784e4455354d4451774d6a453366512e6d67344761366b707370345368576f6b67496d755f6658767a4b785455534a4c7a7445646746326e5a6961346e3038626d66517a6e696f73776473746a555f365461394951686e41316c46652d4d394a3370486f4a7649464e51644a646b75456b377971536568784a54337a6c74714e694d704d6a4e46376f435a324f396d373433585a735277716175626b43546636793266363930336b693850383530424a413831556d415735445f4c552d6437556c6f704543726a327748627a4c6c555a6375736469316c774d4c4b6a4e634976396c6354677265675577766336366d347643436c494a5f646a6c717478716d5064373170684f352d493377614251672d474c6758313534716e77414333733831342d514b55727255434c726e34354c66322d4c336c5642317a6e5237316649526254796f5550647566314977754534746f476c364a4374505273784658796b4e356d76725241
728ebc0c-8398-4125-99ec-bd3e6dc61c26	\\x65794a30655841694f694a4b563151694c434a68624763694f694a53557a49314e694a392e65794a7a645749694f6949334d6a686c596d4d77597930344d7a6b344c5451784d6a55744f546c6c597931695a444e6c4e6d526a4e6a466a4d6a59694c434a6c6257467062434936496e4a76596d6c756332397562575268646d6c6b5147647459576c734c6d4e7662534973496d46315a434936496d68306448427a4f693876595842704c6e526f5a5842686447686d6157356b5a58497565486c364969776959584277535751694f6949354f445935596d51774e6930784d6d566a4c5451314d5759744f4449774e793079597a566d4d6a45335a5749305a4441694c434a7063334d694f694a6f64485277637a6f764c324631644767756447686c6347463061475a70626d526c6369353465586f694c434a775a584a7461584e7a615739756379493657313073496d6c68644349364d5451314f5441304d4441774e4377695a586877496a6f784e4455354d4451774d7a413066512e494d7864745f4f47486f666a32574e372d6b6e5030684e752d7458755251694248714c337273532d47766f5534635844665038786c565f474139484f745f6d41346531645867723042616f672d4f394b70464c4f68356d49435f707a796263385445435f774656756b5f657a593557363877476738637a304853744f5a4f476a526f7a394c73725f54314a6b79312d64316a434d52566f33764e36585233542d4f6364736f6374464d376d4973493947564e6c70377347674738545379444d722d4e4a6e6a3157786b327a653979433250496964787470412d6a316f4b36586d7172634e587933626c306d5f757a5138784655714c777936646371543752734a79766343376532776c386f6d656238714e41732d7a51614c736164634a4e704c776d343448733164577239373973444d54666b5052446b6639656d4f384e5078676d5a345a6b56333131544f736b7971645367317741
1e738f99-53ee-477f-bfbb-45330b3e8da1	\\x65794a30655841694f694a4b563151694c434a68624763694f694a53557a49314e694a392e65794a7a645749694f6949785a54637a4f4759354f5330314d32566c4c5451334e325974596d5a69596930304e544d7a4d47497a5a54686b595445694c434a6c6257467062434936496e4a76596d6c756332397562575268646d6c6b5147647459576c734c6d4e7662534973496d46315a434936496d68306448427a4f693876595842704c6e526f5a5842686447686d6157356b5a58497565486c364969776959584277535751694f6949354f445935596d51774e6930784d6d566a4c5451314d5759744f4449774e793079597a566d4d6a45335a5749305a4441694c434a7063334d694f694a6f64485277637a6f764c324631644767756447686c6347463061475a70626d526c6369353465586f694c434a775a584a7461584e7a615739756379493657313073496d6c68644349364d5451314f5441304d4441304d4377695a586877496a6f784e4455354d4451774d7a517766512e526e326f69574470566d644b3677535345466c516633674a6f387730584b425a6c644a6168386b7178666a566c3270625f6a4f6f6c2d417042314d6e5477676d7a6a4757686b485a4e4d4f4663427056614d516d415f48443573597266636c416646713251596d624e764649446869437239566469634e2d78376d495f726e6735425a79356753484965735373422d56577574344866696d49767069716a364f5046624a4b77446e43615535736b576a306a6d6c69645f6b57464d4c546572676454676872546f30673358394c72484a6937715534785a68367736434f6a6f4b367951422d353764664f7955596d646e5276734c566e6c466b5a756f396b5450546c5a63544b7a4837336d587470373050676c73633072696c736470397668754e57307444592d6667664e55766d444a3446676470577234464b65453571666a75435a4e62756f517158697958684b546f4e74544151
26ae3cea-29b1-4f6f-8117-0e27582126b8	\\x65794a30655841694f694a4b563151694c434a68624763694f694a53557a49314e694a392e65794a7a645749694f6949794e6d466c4d324e6c595330794f5749784c54526d4e6d59744f4445784e7930775a5449334e5467794d544932596a67694c434a6c6257467062434936496e4a76596d6c756332397562575268646d6c6b5147647459576c734c6d4e7662534973496d46315a434936496d68306448427a4f693876595842704c6e526f5a5842686447686d6157356b5a58497565486c364969776959584277535751694f6949354f445935596d51774e6930784d6d566a4c5451314d5759744f4449774e793079597a566d4d6a45335a5749305a4441694c434a7063334d694f694a6f64485277637a6f764c324631644767756447686c6347463061475a70626d526c6369353465586f694c434a775a584a7461584e7a615739756379493657313073496d6c68644349364d5451314f5441304d4445304e5377695a586877496a6f784e4455354d4451774e44513166512e7168716f4252463339724e773347655576556a30787757716436376d4b53484953384741704d717a3533316d30366962555f5053756e33386f54427446584b415239387a785f536f356d4c6e71775a76365a4e426162734f44586a666f445f434e62594f4754316e6a66796a394a416d456f53356e746253486f3675643935467558467a555f5a4445424c3563744d676473393231373976636c4845657846624762746b5862365a544a52564741742d6c54634a4e343243315253306f38754147672d364b4861486a73646a67316c725165357834613232633066734f6c43314937737a584569367a673732483748506357365845454333506154356e526f695379503877645155413961684c4a4d4841785234784b373849455748396f796a527638412d7669696d58324e706776336a5978765f6b7551737771694330706c54476b5a6e32636635676c4c766e494a57646c425251
4f939f00-876f-4f14-af3b-ca5527d888b2	\\x65794a30655841694f694a4b563151694c434a68624763694f694a53557a49314e694a392e65794a7a645749694f6949305a6a6b7a4f5759774d4330344e7a5a6d4c54526d4d5451745957597a5969316a595455314d6a646b4f446734596a49694c434a6c6257467062434936496e4a76596d6c756332397562575268646d6c6b5147647459576c734c6d4e7662534973496d46315a434936496d68306448427a4f693876595842704c6e526f5a5842686447686d6157356b5a58497565486c364969776959584277535751694f6949354f445935596d51774e6930784d6d566a4c5451314d5759744f4449774e793079597a566d4d6a45335a5749305a4441694c434a7063334d694f694a6f64485277637a6f764c324631644767756447686c6347463061475a70626d526c6369353465586f694c434a775a584a7461584e7a615739756379493657313073496d6c68644349364d5451314f5441304d4449774d4377695a586877496a6f784e4455354d4451774e54417766512e51426d745970434a747a4d4b7067454c784b3255635639696d714f4e4c496c78444a4d786f734e3849324c77696c5844517453424b6f5f37326465356462713473646a316e4b635252696665302d3632425f4f784732335f306651314a704a716930754f6e2d33756244566f4459304772665f413071506b4e6c445133364d494d4d68324c776d5a33363964574f764f7864365152486d71384f306751446d346c676a556432427153714e56674c563770444656706e484e7a51727034795273506f4e314a744968726931635876426c3564727133305a5a6b6b3456507477694648714275364d52546877794e6355496648425a6c7578564a73736153586f44593370764f6771797478345f446950335659624c4c524446777967484a6b324763555255664f4578344243696f44627063466f3179666c4c494c79735658724330396c5f7a536a687a795f33544972565a6734462d41
4e61e2e6-2372-4155-80b4-c2f01dc2db3e	\\x65794a30655841694f694a4b563151694c434a68624763694f694a53557a49314e694a392e65794a7a645749694f6949305a5459785a544a6c4e6930794d7a63794c5451784e5455744f4442694e43316a4d6d59774d57526a4d6d52694d3255694c434a6c6257467062434936496d466b595731415957707461574e6f595756734c6d356c64434973496d46315a434936496d68306448427a4f693876595842704c6e526f5a5842686447686d6157356b5a58497565486c364969776959584277535751694f694932595749344d6a637a4e4330794e44457a4c54526a4f4463744f5445795a43316c5a6a64684e7a4d78595749354e5445694c434a7a6447463064584d694f694a426458526f5a57353061574e686447566b4969776961584e7a496a6f696148523063484d364c7939686458526f4c6e526f5a5842686447686d6157356b5a58497565486c36496977696347567962576c7a63326c76626e4d694f6e74394c434a70595851694f6a45304e6a41354e446b774d444d73496d5634634349364d5451324d446b304f544d774d33302e56634a35326343595a4364623239444a4258333563736d7a634d77714a46726931384d334556392d6169355339752d73653373634c4a4e58353031457942377669364e64396944754c6b66757072516633454f6a5065434a55424d476b59652d4644364c6d6d5730345053456948706d6a3875306e725768334c744e68507261537a4141552d6c7036413835637a4178612d7a6a6f74526a50676c357a344148686f33454b3970532d324f667a6c34716b4877374b70494b57754965634b34555a55425256786175667338557467365a2d6f4d4d4a594875683335396157564e71416c6237424b663164706256425f456d5f567842784c4170796b3466487159496a6445374b574130546b447973656c5f6978674c6f6343336b6a365a79337879654442736c6a7150547043356c44356634494875744c4876616164586246357339626b41477a79496d4a414b77436141582d747267
50ca38d5-7ea2-4c21-ab34-3d7286fb4763	\\x65794a30655841694f694a4b563151694c434a68624763694f694a53557a49314e694a392e65794a7a645749694f6949314d474e684d7a686b4e5330335a5745794c54526a4d6a45745957497a4e43307a5a4463794f445a6d596a51334e6a4d694c434a6c6257467062434936496d5268626d6c6c6247646f5957357a623234354d30426e625746706243356a623230694c434a68645751694f694a6f64485277637a6f764c32467761533530614756775958526f5a6d6c755a4756794c6e683565694973496d467763456c6b496a6f694f5467324f574a6b4d4459744d544a6c597930304e54466d4c5467794d4463744d6d4d315a6a49784e3256694e4751774969776961584e7a496a6f696148523063484d364c7939686458526f4c6e526f5a5842686447686d6157356b5a58497565486c36496977696347567962576c7a63326c76626e4d694f6c74644c434a70595851694f6a45304e546b774e4449794d6a6373496d5634634349364d5451314f5441304d6a55794e33302e5a57583651764d66616d3137314c626a486a6768553232487539694d30686a54394f4a6c574d53726868773672484e34337132556d3038747a34667655694d6b5150755f497a303146465f77715f6b5677616d3770375770746f6b684f6d384b6368584368347a67664266705a57516f6f5848784567396c71675a5a387130302d43717744716761424d64776754304c56712d6a6a4e384b376159444b37626b35586e48444e6d30555a446e7a5547664b716d784c4947794f474448413879795f6c34646157494b614256563954617a3548425230684d6156596c396b4446434f4b6e6c735a625972525036755f6a754b724572646f492d3377736f584f586954455f3838446448455a6f65396950756e796867795a6a4a3262725450555365775a2d514177334b58415f3547344c4b707474476268424c71744b555f434a64714b5554434772434f6671346c5551454c7873427877
212733c7-feaf-46b2-976a-fa8b2167cab6	\\x65794a30655841694f694a4b563151694c434a68624763694f694a53557a49314e694a392e65794a7a645749694f6949794d5449334d7a4e6a4e79316d5a57466d4c545132596a49744f5463325953316d595468694d6a45324e324e68596a59694c434a6c6257467062434936496d5268626d6c6c6247646f5957357a623234354d30426e625746706243356a623230694c434a68645751694f694a6f64485277637a6f764c32467761533530614756775958526f5a6d6c755a4756794c6e683565694973496d467763456c6b496a6f694f5467324f574a6b4d4459744d544a6c597930304e54466d4c5467794d4463744d6d4d315a6a49784e3256694e4751774969776961584e7a496a6f696148523063484d364c7939686458526f4c6e526f5a5842686447686d6157356b5a58497565486c36496977696347567962576c7a63326c76626e4d694f6c74644c434a70595851694f6a45304e546b774e44497a4d7a6773496d5634634349364d5451314f5441304d6a597a4f48302e42525a5a466b47574332486837465341362d51776a6e6f39634f4552576e7774433170366a363272704d65585665646e7a4d696a6656684f6d6e475a7675374649313439654c50737037424834664d6777354a5471624b4447377374763775574a4d715250396c7767545a4c5551414d63786a7732315659776442725261692d4b6a75417679677465316e374d4a35354c467842354878353159626f6962546d757937656f45436e552d6c5172595352484f775574374c4e5447786f37747948454a5255574e6136484662366943466d52526c62526666777a4f727a744850326230685671507251436c42523772327463596e616d6f34562d6530466b436f796b79573562316977686163395553395256495476326b4667456e634a6443716d786e4a504733336f6467712d5855354b435866316d7576314e546e766c746b707162306a4964564a4161345875765f39577032627067
4a4f9d1a-2e04-4a97-b5c1-026d9f78ccdc	\\x65794a30655841694f694a4b563151694c434a68624763694f694a53557a49314e694a392e65794a7a645749694f6949305954526d4f575178595330795a5441304c5452684f546374596a566a4d5330774d6a5a6b4f5759334f474e6a5a474d694c434a6c6257467062434936496d5268626d6c6c6247646f5957357a623234354d30426e625746706243356a623230694c434a68645751694f694a6f64485277637a6f764c32467761533530614756775958526f5a6d6c755a4756794c6e683565694973496d467763456c6b496a6f694f5467324f574a6b4d4459744d544a6c597930304e54466d4c5467794d4463744d6d4d315a6a49784e3256694e4751774969776961584e7a496a6f696148523063484d364c7939686458526f4c6e526f5a5842686447686d6157356b5a58497565486c36496977696347567962576c7a63326c76626e4d694f6e74394c434a70595851694f6a45304e546b784d4445354f544d73496d5634634349364d5451314f5445774d6a49354d33302e54643749505a446765376b6c75707a7941634e7958783157415745566e7a59306e515773796f71574b4575776f4e5f5279674d6a543654474248374e41572d4a58535063564d6f47532d53666b6f34747a326742624f63766131736976682d34367334456c5f735968516568757941415275692d446944675f553636546d55416e784a713768596177786e6e5f336277565452782d7175725057506533535253442d5455722d454f4f6d7473545858526c6b4130684477355a633851584d7a642d6254664d32654f317850717a335037786576633842583877536f756a374b66677064415350524b58464a726a356c6343694f7067337635635f6336686b616f357332676a6d514d55633652614957485379504b344d57586564665a6467306a766d474e4c65697452684379693243365538413776614e34353843396d6c6d52673030614a626434554d4852466761374c4a57764a41
0b4df2ac-4db7-4350-b185-49310319ab74	\\x65794a30655841694f694a4b563151694c434a68624763694f694a53557a49314e694a392e65794a7a645749694f694977596a526b5a6a4a68597930305a4749334c54517a4e544174596a45344e5330304f544d784d444d784f5746694e7a51694c434a6c6257467062434936496d466b595731415957707461574e6f595756734c6d356c64434973496d46315a434936496d68306448427a4f693876595842704c6e526f5a5842686447686d6157356b5a58497565486c364969776959584277535751694f6949354f445935596d51774e6930784d6d566a4c5451314d5759744f4449774e793079597a566d4d6a45335a5749305a4441694c434a7063334d694f694a6f64485277637a6f764c324631644767756447686c6347463061475a70626d526c6369353465586f694c434a775a584a7461584e7a615739756379493665333073496d6c68644349364d5451314f5445774d6a51314d4377695a586877496a6f784e4455354d5441794e7a557766512e4b43576a6b5343687739322d6d496d515572452d4d6943722d3371613949636b6f46697570657455464c65664332445670666852486e4b52766d636a46725644456e5a582d735572475961655a32584f2d48725f36745864466f4130457436345541504e456d4e784461774370456f45394d7072474f7a486c66694e4773592d55744b427356594442326661705544712d737757484776676d7733315a546f7352626652493377427742716f375f376452716a436959635f36437055386a62574c45366759624542593167704454504549614e2d466e77673744724a366478746c6c4a57507036705747716c754d466d5254536531794b6361794c556b757a586577415841634568664f456d333543516b74714f4d5936566a6665503052676e7135386236526e5a426a4c53455374345944373142746f746e49303937545862772d787150794f6359524e584c624757385f704f5277
\.


--
-- Data for Name: objective_parameter; Type: TABLE DATA; Schema: public; Owner: pathfinderwebserver
--

COPY objective_parameter (id, application_id, parameter) FROM stdin;
\.


--
-- Name: objective_parameter_id_seq; Type: SEQUENCE SET; Schema: public; Owner: pathfinderwebserver
--

SELECT pg_catalog.setval('objective_parameter_id_seq', 1, true);


--
-- Data for Name: permission; Type: TABLE DATA; Schema: public; Owner: pathfinderwebserver
--

COPY permission (email, application_id, permissions) FROM stdin;
adam@ajmichael.net	7d8f2ead-ee48-45ef-8314-3c5bebd4db82	{}
adam@ajmichael.net	dcb1a33b-375d-4525-a039-b78acb7e9f79	{}
this@foo.com	dcb1a33b-375d-4525-a039-b78acb7e9f79	{}
adam@ajmichael.net	6ab82734-2413-4c87-912d-ef7a731ab951	{}
adam@ajmichael.net	b14d0ce3-981c-48bc-ae9f-c600647b48fa	{}
robinsonmdavid@gmail.com	8ddb3fe4-3a7e-47ce-8a4a-a629e145214a	{}
dan@rose-hulman.edu	9869bd06-12ec-451f-8207-2c5f217eb4d0	{}
adam@ajmichael.net	9869bd06-12ec-451f-8207-2c5f217eb4d0	{}
danielghanson93@gmail.com	9869bd06-12ec-451f-8207-2c5f217eb4d0	{}
danielghanson93@gmail.com	64bf2f19-7e6e-48e8-8c50-42dbda195785	{}
danielghanson93@gmail.com	7d8f2ead-ee48-45ef-8314-3c5bebd4db82	{}
danielghanson93@gmail.com	2e465a65-6c2b-4eaf-ae48-bd5f4ac209b8	{}
robinsonmdavid@gmail.com	9869bd06-12ec-451f-8207-2c5f217eb4d0	{}
foor@bar.com	7d8f2ead-ee48-45ef-8314-3c5bebd4db82	{}
\.


--
-- Data for Name: play_evolutions; Type: TABLE DATA; Schema: public; Owner: pathfinderwebserver
--

COPY play_evolutions (id, hash, applied_at, apply_script, revert_script, state, last_problem) FROM stdin;
\.


--
-- Name: transport_id_seq; Type: SEQUENCE SET; Schema: public; Owner: pathfinderwebserver
--

SELECT pg_catalog.setval('transport_id_seq', 32, true);


--
-- PostgreSQL database dump complete
--

